min_players,max_players,avg_time,min_time,max_time,year,avg_rating,geek_rating,num_votes,age,owned,weight
2,4,60,60,60,2015,8.66575,8.49837,23489,13,38105,2.8056
2,4,240,180,240,2015,8.65702,8.324010000000001,10679,14,14147,4.3538
2,4,240,180,240,2016,8.50113,8.16882,11779,14,18673,3.6067
2,2,30,30,30,2015,8.154580000000001,8.0096,28278,10,44173,2.2394
2,4,150,75,150,2016,8.28225,8.00248,10924,12,13899,3.7094
2,4,90,60,90,2015,8.10843,7.9046899999999996,18649,14,23647,2.8935
2,4,90,60,90,2016,8.2592,7.8782,8087,14,13139,2.4511
2,5,120,60,120,2014,8.16192,7.871410000000001,13445,14,23681,3.2768
2,4,90,90,90,2014,8.08325,7.84462,11413,12,13458,3.1071
2,5,240,120,240,2015,8.22259,7.814539999999999,6483,14,7605,4.2026
2,4,100,40,100,2015,7.972189999999999,7.74016,11557,12,13553,3.1864
2,8,15,15,15,2015,7.82596,7.7283,38422,14,60771,1.3471
2,4,240,90,240,2015,7.93947,7.721439999999999,14236,12,22239,2.6657
2,4,80,40,80,2014,7.80606,7.66228,20791,13,27209,2.8966
2,2,30,15,30,2014,7.777019999999999,7.6546,24637,8,36532,1.7135
2,5,45,45,45,2014,7.801830000000001,7.649189999999999,17399,13,22413,2.7585
2,5,210,45,210,2014,7.77802,7.63439,27015,14,37363,3.0026
2,4,60,60,60,2017,8.70088,7.59842,2285,14,6981,3.1429
2,4,150,75,150,2015,7.95735,7.591410000000001,6443,12,8333,3.8727
2,4,20,20,20,2016,7.86862,7.56751,8718,8,14264,1.7654
2,4,120,120,120,2014,7.736269999999999,7.515639999999999,11792,13,15694,3.8132
2,4,180,120,180,2015,8.02822,7.507210000000001,4794,14,8765,3.7622
2,4,60,60,60,2014,7.922460000000001,7.50315,6190,13,10304,2.5357
2,2,20,20,20,2014,7.63582,7.49436,22548,12,34128,1.975
2,5,60,40,60,2014,7.6299399999999995,7.468389999999999,15238,10,19724,2.5902
2,8,60,45,60,2016,7.754739999999999,7.442419999999999,7583,14,10572,2.0714
2,5,45,45,45,2016,8.080680000000001,7.437589999999999,3465,8,7612,2.6923
2,4,45,30,45,2017,7.95976,7.40665,4254,8,6075,1.8952
2,4,30,30,30,2014,7.51093,7.40278,35943,10,48579,1.8348
2,4,90,90,90,2016,7.99102,7.39125,3433,12,5810,3.3511
2,4,120,60,120,2015,7.778460000000001,7.38621,5493,12,7071,3.2247
3,6,480,240,480,2017,9.068760000000001,7.3819,1579,14,3227,4.1489
2,4,90,60,90,2015,7.7794,7.36635,5448,10,8639,2.5269999999999997
2,4,90,60,90,2016,7.82065,7.34933,5082,14,7555,2.9394
2,5,120,60,120,2016,7.938560000000001,7.32538,3763,14,9954,3.4516
2,7,42,42,42,2015,7.48298,7.321389999999999,16638,10,25337,1.9256
2,4,90,90,90,2015,7.61135,7.314369999999999,7357,13,11588,2.5474
2,8,20,20,20,2016,7.61792,7.313960000000001,7613,8,15192,1.2966
2,5,50,30,50,2015,7.499280000000001,7.311039999999999,11505,8,15455,2.2542
2,6,120,120,120,2014,8.096639999999999,7.3052600000000005,2460,12,4610,3.2095
3,5,180,60,180,2014,7.838010000000001,7.29953,4178,12,6671,3.1202
2,5,180,120,180,2015,7.65585,7.2972399999999995,6183,14,13023,3.1830000000000003
2,2,120,120,120,2015,7.9649,7.25564,3169,14,6713,3.1011
2,4,120,60,120,2017,8.11515,7.247610000000001,2309,13,6355,2.7636
2,4,180,60,180,2015,7.81778,7.24655,3407,14,6451,4.0543
2,6,90,45,90,2015,7.599880000000001,7.2453199999999995,5484,14,7852,2.2349
2,4,30,15,30,2017,7.95565,7.24291,2644,11,6799,1.4545
2,2,20,20,20,2015,7.9528,7.24166,2755,12,7377,1.9615
2,2,20,15,20,2014,7.604439999999999,7.235360000000001,5690,8,10009,1.6842
2,8,20,10,20,2016,7.47008,7.23335,8512,10,15992,1.3125
2,4,20,15,20,2016,7.44718,7.21988,9962,8,17168,1.2143
2,4,120,60,120,2015,7.812930000000001,7.206119999999999,3251,12,5381,2.5563
2,4,120,60,120,2016,7.82832,7.202380000000001,2994,12,4069,3.2174
2,4,120,90,120,2014,7.76213,7.190910000000001,3210,12,4434,4.3146
2,4,120,90,120,2015,8.03992,7.1833800000000005,2711,14,3628,3.1093
3,5,60,60,60,2014,7.28673,7.15578,18710,13,29295,1.6717
2,5,45,30,45,2017,7.4747,7.147589999999999,6268,8,8656,1.768
2,4,60,30,60,2016,7.429860000000001,7.146160000000001,6773,8,9321,2.2353
2,4,120,60,120,2015,7.787560000000001,7.13462,2681,12,3398,3.7525
2,2,45,30,45,2015,8.09717,7.13399,1884,14,5943,2.8108
2,5,30,30,30,2014,7.394139999999999,7.1231,6676,8,10453,2.064
2,6,60,60,60,2016,7.87683,7.12275,2581,12,5847,2.6724
2,5,120,80,120,2016,7.90687,7.079510000000001,2262,12,3955,3.5972
2,2,30,30,30,2016,7.899039999999999,7.078810000000001,2651,10,4449,2.2821
2,6,60,45,60,2017,7.60514,7.07723,3281,14,4713,2.06
2,5,30,30,30,2015,7.32457,7.07597,7446,10,12969,1.9187
2,4,60,45,60,2014,7.612019999999999,7.0758600000000005,3114,10,5287,2.1
2,4,60,60,60,2016,7.918660000000001,7.07083,2135,14,3116,2.5385
2,5,45,45,45,2015,7.60244,7.06411,3257,13,4474,2.0744
2,6,40,30,40,2014,7.204160000000001,7.060110000000001,14724,10,20795,1.8076
2,4,120,60,120,2015,7.78569,7.05916,2755,14,5361,3.449
2,4,90,60,90,2014,7.37551,7.05669,5251,14,6139,2.8433
2,5,45,45,45,2014,7.344110000000001,7.052739999999999,5782,8,9554,1.9947
2,4,60,60,60,2015,7.327539999999999,7.0407399999999996,5926,14,8311,2.7789
2,4,40,40,40,2016,7.53103,7.03945,4091,14,7913,2.1452
2,4,60,30,60,2014,7.313960000000001,7.02585,6236,14,7656,2.3513
2,6,60,60,60,2014,7.2486,7.02393,8625,12,12259,2.4568
2,4,60,30,60,2016,7.6055399999999995,7.018439999999999,3680,11,8176,2.0617
2,4,120,60,120,2016,7.4885399999999995,7.009589999999999,3738,10,6480,3.2059
2,4,100,100,100,2014,7.34571,7.00351,4774,12,8029,3.6986
2,5,90,90,90,2016,7.94643,7.00143,2357,14,5316,2.8
2,4,40,40,40,2016,7.29058,6.99713,5856,10,8472,2.0246
2,2,25,25,25,2015,7.466260000000001,6.99326,3556,9,5893,2.0
2,4,30,30,30,2015,7.35791,6.98975,4468,8,6442,2.1796
2,4,120,30,120,2015,7.51512,6.97225,3583,14,6637,2.8846
3,8,15,15,15,2014,7.108339999999999,6.97013,12567,12,18541,1.2775
3,7,10,10,10,2015,7.50568,6.96864,3153,8,7811,1.4714
2,2,240,90,240,2014,7.956119999999999,6.96738,1662,13,4052,3.5192
2,5,90,60,90,2015,7.35968,6.958939999999999,4087,13,6931,2.3942
2,8,30,20,30,2014,7.098160000000001,6.957510000000001,14821,8,19618,1.4868
2,4,40,30,40,2015,7.2926,6.956930000000001,4878,8,6939,1.5046
2,4,45,30,45,2016,7.57873,6.951169999999999,2694,8,3855,1.8448
2,4,40,40,40,2017,7.42916,6.94544,3647,10,6236,1.8736
2,4,120,60,120,2014,7.658869999999999,6.94272,2161,12,3257,3.7914
2,6,40,40,40,2014,7.1194,6.93735,9920,10,15829,1.8468
2,2,60,60,60,2014,7.27738,6.9356100000000005,4977,14,9239,2.2887
2,5,75,30,75,2015,7.26363,6.93228,4656,10,7910,2.4034
2,4,45,45,45,2016,7.3120899999999995,6.9308,4457,14,6979,2.3
3,5,120,90,120,2016,7.703860000000001,6.92662,2116,14,4146,3.0
2,8,60,45,60,2015,7.36,6.92505,3762,14,5909,2.5192
2,5,50,20,50,2014,7.16483,6.9206,6928,8,10641,1.5879
2,4,60,30,60,2015,7.22566,6.91602,5583,8,8969,1.7156
2,3,240,240,240,2015,8.340489999999999,6.914389999999999,1126,12,2110,3.2455
2,4,60,60,60,2017,8.07881,6.91023,1395,13,3101,2.75
2,4,20,20,20,2015,7.347989999999999,6.904160000000001,3842,10,7397,1.2193
2,4,180,120,180,2015,7.62857,6.902,2482,14,4499,2.7654
2,4,45,45,45,2015,8.269210000000001,6.89425,1128,9,2519,2.7059
2,4,45,30,45,2017,7.438560000000001,6.89225,2845,8,4035,1.7966
2,4,60,30,60,2017,7.4504,6.889010000000001,2927,10,6020,2.3824
2,5,150,60,150,2015,7.76279,6.87862,1691,10,2512,3.8125
2,2,45,30,45,2014,7.41552,6.8784600000000005,3038,12,9632,2.2958
2,2,60,60,60,2014,7.35381,6.876939999999999,3262,14,7465,2.3889
2,4,100,100,100,2014,7.38559,6.874039999999999,2802,12,4193,3.7685
2,5,60,60,60,2014,7.611460000000001,6.8651,1928,13,2962,2.7079
2,6,150,50,150,2015,8.00323,6.85648,1255,10,2288,3.3559
2,5,90,60,90,2017,7.709219999999999,6.849189999999999,1841,14,2776,2.5641
4,8,30,30,30,2014,7.031110000000001,6.84665,8517,10,12951,1.2746
2,4,75,60,75,2015,7.53333,6.82839,2017,13,2968,2.3049
2,4,45,45,45,2015,7.13639,6.82447,4977,8,6309,1.8162
2,6,90,90,90,2014,7.30072,6.822139999999999,3133,12,4138,3.1675
3,5,90,90,90,2014,7.227,6.81962,3396,14,5132,2.6214
2,4,100,70,100,2016,7.400339999999999,6.816510000000001,2387,12,3677,2.9825
2,6,90,60,90,2014,7.22783,6.814439999999999,3440,13,5348,2.7887
2,7,90,90,90,2014,7.4063300000000005,6.8125,2412,10,3186,2.3699
2,4,120,60,120,2017,8.38375,6.80955,1001,13,4181,2.3636
2,4,30,5,30,2014,7.001289999999999,6.80545,7867,9,11882,1.6747
2,2,10,10,10,2014,7.67097,6.80018,1664,0,2295,1.05
2,2,150,60,150,2014,7.92957,6.7992300000000006,1249,12,2532,3.6121
3,5,60,30,60,2016,7.26778,6.7952,3068,12,4414,2.18
2,4,45,45,45,2016,7.251639999999999,6.79367,3159,10,5294,2.0455
2,2,45,30,45,2016,7.58559,6.7935,1764,10,3445,2.3462
2,6,30,30,30,2016,7.54615,6.789039999999999,1856,8,3000,1.2222
2,6,30,30,30,2014,7.1489,6.784610000000001,3983,8,5752,1.2164
2,2,45,45,45,2015,7.41642,6.7799,2341,14,8211,2.1351
2,2,120,45,120,2016,8.25158,6.7793399999999995,1038,12,2525,3.2727
2,4,60,30,60,2017,7.56142,6.777760000000001,1769,10,3117,2.0
2,4,60,60,60,2015,7.195060000000001,6.776489999999999,3154,14,4803,2.3605
2,2,45,30,45,2014,7.429069999999999,6.77215,2246,12,7507,2.2895
2,5,90,90,90,2016,7.601,6.768039999999999,2022,14,4764,3.0635
2,4,30,30,30,2015,7.02865,6.765810000000001,5905,8,10263,1.5793
2,6,30,30,30,2015,7.102,6.75478,4216,8,6016,1.3937
2,7,45,30,45,2016,7.20255,6.7547,3361,10,5700,1.8772
2,2,45,45,45,2014,7.44485,6.74901,2240,14,4379,3.0579
2,2,45,45,45,2014,7.35447,6.742369999999999,2162,13,3870,2.6634
2,4,80,40,80,2017,7.32875,6.73165,2423,13,4048,2.9437
2,5,30,20,30,2016,7.20153,6.7179899999999995,2688,8,4388,1.6182
2,2,60,60,60,2014,8.034469999999999,6.7138800000000005,1152,12,3328,2.7059
2,5,75,45,75,2016,7.43474,6.71058,1767,10,2178,2.1667
2,4,45,45,45,2014,7.1296800000000005,6.70805,3019,14,5337,2.2016
2,4,240,120,240,2014,7.90286,6.706119999999999,1071,12,2001,4.5282
2,4,120,90,120,2015,7.496410000000001,6.7061,1603,12,2197,3.6154
2,5,90,60,90,2015,7.124060000000001,6.705769999999999,3345,12,5996,2.7471
3,4,60,60,60,2014,7.0815399999999995,6.698930000000001,3513,14,6013,1.9578
2,8,30,20,30,2016,7.7218800000000005,6.69435,1312,8,3145,1.4444
2,5,30,20,30,2015,7.083089999999999,6.68951,3326,8,5132,1.2258
3,5,75,75,75,2014,7.56435,6.6878,1480,14,2467,2.6719
2,4,30,30,30,2015,6.9989300000000005,6.68008,4229,10,8436,2.22
2,6,30,20,30,2014,7.01938,6.67904,3754,8,5753,1.5743
4,4,15,15,15,2014,7.38473,6.6779,1758,13,2955,1.52
2,4,90,45,90,2016,7.4842699999999995,6.677039999999999,1518,12,2295,3.1846
2,4,120,60,120,2016,7.367310000000001,6.6762,1833,13,3933,2.8409
2,4,45,35,45,2016,7.313389999999999,6.67214,2000,10,3348,1.94
2,4,75,45,75,2017,7.71962,6.66487,1167,12,1923,2.8654
2,5,125,50,125,2017,7.505510000000001,6.6622,1875,14,3748,2.6364
2,6,90,90,90,2014,7.46904,6.6572,1644,12,1854,2.2937
2,4,45,30,45,2015,7.1639,6.652769999999999,2498,10,6376,1.8333
2,4,45,45,45,2014,7.567410000000001,6.64802,1312,12,3106,2.4483
2,4,60,45,60,2015,7.45482,6.646139999999999,1459,13,1863,2.4902
2,5,20,20,20,2014,7.073230000000001,6.645689999999999,2864,10,4434,1.4053
2,4,60,45,60,2016,7.184489999999999,6.642919999999999,2286,12,3132,2.2414
2,2,60,30,60,2014,7.592230000000001,6.636360000000001,1432,14,3567,2.7119999999999997
2,4,120,60,120,2016,8.09906,6.63313,868,12,2469,4.2667
2,4,60,30,60,2014,6.957389999999999,6.63174,3728,10,6101,2.2372
3,3,180,90,180,2016,7.780939999999999,6.627960000000001,1259,14,2907,3.0
2,8,60,30,60,2016,7.623410000000001,6.62568,1389,10,3362,2.08
2,4,90,90,90,2014,7.36565,6.623419999999999,1631,12,2196,2.9223
3,4,90,90,90,2014,7.3949300000000004,6.62235,1670,13,4093,2.5802
2,4,60,30,60,2015,6.95746,6.621110000000001,3713,8,6375,2.0741
2,4,110,40,110,2017,7.65327,6.61217,1344,14,2565,3.0784
2,5,90,60,90,2015,7.74102,6.60263,1045,14,2453,2.2353
2,4,90,60,90,2015,7.406610000000001,6.5967199999999995,1433,12,2020,2.75
2,4,25,25,25,2017,7.4995,6.593430000000001,1384,8,3773,2.1
2,5,30,15,30,2015,7.0676,6.59042,2393,13,4838,2.9821
2,5,40,30,40,2016,7.1001,6.58522,2288,8,3940,2.0345
3,6,240,120,240,2015,7.49648,6.585089999999999,1443,13,3190,3.7458
2,5,30,30,30,2014,7.04555,6.584810000000001,2504,8,4036,1.7979
2,2,60,45,60,2016,7.71955,6.5816300000000005,1089,14,4283,2.0
2,2,60,60,60,2015,7.54352,6.57177,1169,14,2915,2.2258
2,2,20,5,20,2017,7.378260000000001,6.569160000000001,1400,10,3554,1.7273
2,4,75,75,75,2015,7.3510800000000005,6.5632600000000005,1388,10,2087,2.8315
2,4,30,30,30,2014,7.29903,6.5551699999999995,1813,12,4972,3.5043
2,4,20,20,0,2016,6.93164,6.55288,3301,6,5181,1.0
2,4,45,45,45,2016,7.28228,6.552309999999999,1531,12,2987,2.6154
2,5,30,5,30,2017,7.48654,6.551740000000001,1556,8,2931,1.0851
2,4,40,20,40,2015,7.28224,6.55026,1653,10,2736,2.0172
2,2,60,60,0,2015,7.42356,6.54724,1265,14,3295,2.1636
2,4,75,60,75,2014,7.27412,6.54496,1476,10,1896,2.734
2,6,40,20,40,2017,7.53487,6.54189,1144,10,1992,1.9565
3,5,60,60,60,2016,7.37477,6.54127,1361,16,3132,2.1875
2,4,90,45,90,2017,7.51121,6.5389800000000005,1426,10,2602,2.2593
2,2,20,15,20,2015,6.77274,6.537000000000001,4796,8,8199,1.5962
2,4,40,20,40,2016,7.0175,6.53691,2546,7,3717,1.6667
2,5,100,40,100,2015,7.419739999999999,6.53653,1215,14,2639,3.18
2,2,90,45,90,2017,8.13603,6.5275,822,14,2047,4.0286
2,5,60,60,60,2014,7.2363,6.5211,1527,10,2261,2.2469
2,4,60,60,60,2014,7.3522,6.5137,1267,10,2116,2.34
2,5,90,90,90,2014,7.19954,6.50891,1499,13,2134,3.0337
2,7,75,45,75,2015,7.49833,6.50175,1084,12,2383,2.3846
2,5,45,45,45,2016,8.36533,6.5,681,13,1021,3.6136
2,4,75,45,75,2016,7.17559,6.49644,1551,10,2219,2.5869999999999997
2,5,75,60,75,2015,7.204510000000001,6.49637,1664,13,3556,2.4368
3,6,15,15,15,2014,7.14037,6.49388,1717,14,4740,1.931
2,2,60,20,60,2017,7.990939999999999,6.49271,890,12,1812,2.4348
2,5,40,0,40,2016,6.9379800000000005,6.4846900000000005,2575,14,5578,1.629
2,4,90,90,90,2014,7.18261,6.48108,1508,13,2413,2.7396
2,5,45,45,45,2014,7.38633,6.47919,1289,15,2948,2.1207
2,4,60,30,60,2017,8.41611,6.47652,754,12,1507,2.4444
2,4,60,40,60,2017,7.46928,6.471080000000001,1066,12,1782,2.2609
2,5,20,20,20,2016,7.23176,6.47065,1389,10,2292,1.2895
2,4,90,60,90,2015,7.10169,6.46858,1599,12,2823,3.0625
2,4,15,10,15,2015,6.876339999999999,6.46824,2893,13,5170,1.3361
2,5,120,60,120,2016,7.4231300000000005,6.46584,1197,10,2635,2.7
2,2,90,90,90,2016,7.6999699999999995,6.45902,835,10,2281,3.7059
2,4,90,60,90,2015,7.38934,6.4571,1068,12,2018,3.0735
2,5,45,30,45,2014,6.68019,6.45027,5296,13,12215,2.0797
4,6,240,120,240,2016,7.330939999999999,6.44943,1240,14,2081,3.2105
2,2,60,60,60,2015,7.4743699999999995,6.4461,993,14,2786,2.4211
3,3,165,135,165,2014,8.10535,6.440259999999999,604,14,1199,3.9839
3,5,90,60,90,2015,7.28768,6.4396,1179,12,1421,2.6061
2,2,20,20,20,2016,7.048139999999999,6.43525,1680,10,4137,1.48
2,4,60,60,60,2014,6.907939999999999,6.43231,2091,13,3936,2.1744
2,4,120,75,120,2015,7.25086,6.43048,1158,12,1799,3.0278
2,4,45,45,45,2015,7.1262,6.42962,1519,14,2005,2.4286
2,5,45,30,45,2016,7.043769999999999,6.42246,1645,8,2825,1.8235
2,5,60,60,60,2015,7.03217,6.4189099999999994,1622,13,3225,2.9091
2,5,120,60,120,2015,7.6534,6.395980000000001,780,12,1903,3.5672
2,2,30,30,30,2017,7.493689999999999,6.39383,883,10,2143,1.7059
3,6,120,90,120,2014,7.52603,6.39035,842,13,1402,2.8852
3,6,2,2,2,2016,6.9447,6.3886400000000005,1769,6,3497,1.129
2,4,30,10,30,2017,7.12402,6.3880099999999995,1294,13,2128,1.8788
2,4,20,20,20,2014,6.857530000000001,6.38663,2025,8,2941,1.4268
2,5,120,90,120,2017,7.7432300000000005,6.38477,779,13,2074,2.8182
2,4,20,0,20,2015,7.294910000000001,6.38417,1164,10,2636,1.0286
2,6,60,60,60,2015,7.17506,6.37555,1252,14,2938,2.2653
2,4,90,60,90,2017,7.86463,6.37376,623,14,1501,2.6087
2,4,45,45,45,2015,6.870539999999999,6.37014,1861,13,2799,2.0
2,4,30,20,30,2015,7.18475,6.3637,1210,8,2487,1.2826
2,6,75,30,75,2017,8.03098,6.36301,612,14,1913,2.8571
2,5,120,60,120,2017,7.575239999999999,6.36131,784,12,1045,3.4848
2,5,75,75,75,2014,7.21357,6.3613,1080,10,1448,2.4507
2,5,45,30,45,2017,7.85187,6.35836,632,8,1223,1.5333
2,4,45,25,45,2015,6.8658399999999995,6.35447,1966,14,3531,2.1
2,4,20,20,20,2016,7.07753,6.35392,1227,13,2265,2.1818
2,4,90,60,90,2017,7.7364,6.35135,671,14,1288,3.16
2,2,30,15,30,2016,7.1539600000000005,6.34776,1158,10,2385,1.2857
2,4,90,60,90,2017,7.636819999999999,6.34569,726,12,1008,3.1562
2,2,45,30,45,2015,7.0389100000000004,6.34529,1287,8,2373,1.8209
4,8,20,10,20,2014,6.74235,6.34276,2283,12,3877,1.2333
2,4,15,15,15,2014,6.946210000000001,6.33464,1498,14,3202,2.2432
2,4,40,20,40,2017,7.15297,6.33408,1100,7,1589,1.7188
2,4,90,90,90,2015,7.27323,6.33164,931,12,1654,2.9444
2,4,50,30,50,2015,7.19245,6.32735,1025,12,1736,2.5641
2,4,90,45,90,2016,7.34766,6.3236,872,10,1789,3.0
2,5,180,120,180,2016,7.8089,6.32048,719,14,1730,2.8696
2,2,15,15,15,2015,8.22729,6.3163,459,10,1518,3.1538
2,6,40,40,40,2015,6.828360000000001,6.31139,1750,8,3124,1.8630000000000002
3,8,30,15,30,2015,7.049639999999999,6.31013,1239,12,2124,1.0625
2,4,120,60,120,2014,6.945110000000001,6.30926,1365,13,2697,3.0889
2,4,90,60,90,2015,7.58502,6.30486,685,14,1061,2.9057
2,4,10,10,10,2014,6.70029,6.30328,2205,10,4371,1.271
4,8,15,15,15,2016,7.140560000000001,6.3030800000000005,1011,9,1722,1.1667
2,5,35,35,35,2014,7.209910000000001,6.29195,910,8,1817,1.9231
2,4,75,40,75,2015,7.17715,6.2900599999999995,931,10,1262,2.6047
2,2,45,0,45,2016,7.627280000000001,6.28925,669,0,2954,0.0
2,3,3000,60,3000,2014,8.393239999999999,6.28761,451,14,1528,3.6667
2,5,90,60,90,2016,7.766430000000001,6.285159999999999,686,14,2216,2.7273
2,4,45,45,45,2015,7.01007,6.2848,1145,10,2034,1.9189
2,4,30,30,30,2016,6.98562,6.28411,1231,10,3375,1.25
2,4,210,150,210,2017,7.7903199999999995,6.28366,575,14,1197,2.7812
2,6,15,15,15,2015,7.143789999999999,6.28328,954,8,1527,1.425
2,4,120,60,120,2017,7.6019,6.2823199999999995,726,14,1667,2.8462
2,2,30,20,30,2015,7.030810000000001,6.2805599999999995,1133,10,2126,1.875
2,4,90,60,90,2017,7.57131,6.2773900000000005,650,13,1375,3.1154
2,4,60,45,60,2016,7.49723,6.27388,678,10,818,2.3889
2,4,120,120,120,2016,7.48083,6.27147,683,13,1724,3.1111
3,5,45,30,45,2016,7.031810000000001,6.26856,1220,14,2373,2.1154
2,6,60,45,60,2014,6.88271,6.2675,1339,10,2125,1.5116
2,4,60,60,60,2014,6.86418,6.26609,1327,10,2096,2.859
2,4,30,30,30,2016,6.8791199999999995,6.26369,1421,8,2836,1.52
2,2,30,20,30,2015,7.389889999999999,6.26173,742,0,2405,2.9048
2,4,60,45,60,2015,7.2096800000000005,6.26044,858,10,1471,2.5517
2,4,30,15,30,2016,6.847639999999999,6.26023,1415,14,2595,1.1786
2,5,90,90,90,2014,6.80853,6.25816,1496,12,2762,2.6375
2,5,75,75,75,2017,7.31123,6.25772,773,13,1274,2.9130000000000003
2,4,90,30,90,2014,7.07903,6.25749,981,10,1505,2.3455
2,4,75,75,75,2017,7.1739999999999995,6.25519,930,14,1469,3.1053
2,4,120,60,120,2017,7.82175,6.25439,549,12,1741,2.5625
2,4,30,20,30,2015,6.85107,6.25429,1847,13,5872,1.7547
2,4,60,60,60,2014,7.06133,6.25398,1091,14,1775,2.3056
2,5,30,30,30,2014,6.76705,6.25292,1585,10,2464,2.012
2,4,40,20,40,2015,6.598739999999999,6.2476400000000005,3137,13,7904,2.5133
2,6,30,30,30,2017,6.92714,6.24667,1159,8,1922,1.44
2,4,30,30,0,2016,7.121180000000001,6.24605,900,10,1547,2.0
2,4,60,30,60,2017,7.0739,6.24366,1141,8,2442,1.9524
2,4,60,60,60,2014,6.93898,6.2382,1193,14,2194,2.0143
2,4,60,60,60,2014,6.85359,6.23515,1233,10,1751,2.2361
2,4,90,60,90,2015,7.09743,6.23244,870,14,1395,3.1875
2,4,20,10,20,2017,7.43463,6.223669999999999,623,5,1558,1.0
2,5,90,60,90,2017,7.26023,6.2224,776,12,1779,2.5
2,4,60,45,60,2017,7.41018,6.22213,654,12,1161,2.2857
2,6,120,90,120,2016,7.190519999999999,6.22201,773,14,1740,2.6667
2,4,120,60,120,2016,7.61562,6.220219999999999,764,14,1851,2.4444
2,6,120,20,120,2016,7.3259300000000005,6.21839,774,12,1950,2.2727
2,6,15,5,15,2017,7.41697,6.21833,675,10,1615,1.3333
2,5,45,45,45,2017,7.359719999999999,6.21606,721,8,1160,1.4118
2,4,120,90,120,2017,7.464739999999999,6.20961,617,12,1334,4.3737
2,6,30,15,30,2014,6.440519999999999,6.20886,4041,14,6133,1.1319
2,4,10,10,10,2014,6.78034,6.20303,1291,10,3082,1.3276
4,8,30,15,30,2016,6.791639999999999,6.20299,1394,18,3761,1.5556
2,6,60,45,60,2016,6.94305,6.20142,986,12,2404,2.3333
2,5,120,90,120,2014,6.93429,6.19867,1023,0,2221,2.6184
2,8,75,45,75,2016,7.896439999999999,6.198180000000001,508,12,821,2.2857
2,4,45,45,45,2016,6.878019999999999,6.19234,1152,10,2182,1.6522
2,5,35,35,35,2015,6.8513,6.18904,1199,7,2605,1.7188
2,4,40,20,40,2016,7.476889999999999,6.18644,600,10,1668,2.0909
3,5,180,120,180,2016,6.68813,6.18577,1872,14,4824,3.8065
2,4,30,15,30,2016,6.75731,6.18401,1243,8,1756,1.4375
2,5,75,45,75,2014,7.28062,6.18306,741,0,2061,2.4857
3,5,90,60,90,2016,7.249280000000001,6.17453,650,12,760,3.0455
2,4,15,15,15,2014,7.270160000000001,6.17195,672,5,1488,1.1429
2,4,120,120,120,2015,6.9665,6.17004,883,13,1663,3.5303
2,5,35,35,35,2016,7.295030000000001,6.166119999999999,635,8,1490,2.0714
2,2,40,40,40,2016,7.36385,6.1658800000000005,584,13,1411,1.8182
4,6,30,1,30,2014,7.04893,6.16564,820,10,1468,1.1579
2,5,30,30,30,2014,6.48856,6.16455,2325,14,4992,1.9221
2,4,120,75,120,2017,7.7262,6.16352,440,12,573,3.1818
2,4,45,30,45,2016,7.314960000000001,6.1619,654,8,1040,1.7857
2,4,60,45,60,2017,8.01172,6.1617,389,13,1082,2.3333
2,4,45,45,45,2014,6.914789999999999,6.15753,919,13,2279,2.0
2,2,360,150,360,2015,8.3387,6.15676,384,0,1569,3.7447
2,6,45,30,45,2015,6.8704,6.15487,1202,15,3181,1.6296
2,4,30,30,30,2015,7.3113,6.1529,584,10,886,2.1765
2,4,80,50,80,2016,7.280480000000001,6.1485,607,10,1384,2.7333
3,5,90,90,90,2014,7.812539999999999,6.14569,457,16,976,2.7308
2,2,45,30,45,2014,6.73181,6.14119,1120,8,2073,1.8868
2,4,60,60,60,2015,6.9343699999999995,6.13647,845,10,1758,2.74
2,6,90,60,90,2017,7.759639999999999,6.13457,553,13,1651,3.2308
2,4,60,25,60,2016,6.92178,6.1323099999999995,1070,13,2335,1.9032
2,5,120,30,120,2015,7.41493,6.1277099999999995,678,10,2020,2.5556
2,5,90,90,90,2015,6.76156,6.1277,1093,14,2595,3.236
3,5,60,45,60,2015,6.96438,6.12739,841,13,1644,2.0833
2,2,120,60,120,2017,7.6456800000000005,6.1254,495,17,1664,2.15
2,5,120,45,120,2016,7.319189999999999,6.1245400000000005,582,12,1013,3.7619
2,5,90,45,90,2016,6.927860000000001,6.12332,863,10,1787,2.5385
2,4,20,20,20,2015,6.69247,6.12245,1167,8,2247,1.4474
2,5,60,60,60,2015,6.54375,6.11758,1948,10,7097,2.2973
2,2,90,90,90,2014,8.132769999999999,6.11608,430,14,798,3.0526
2,4,120,60,120,2017,7.34917,6.11409,551,12,1051,3.15
2,4,30,30,30,2015,6.95303,6.11099,839,14,1892,1.8421
2,4,20,20,20,2015,6.85244,6.11031,1052,8,2635,1.5
2,2,60,30,60,2017,7.906000000000001,6.10883,361,13,899,2.7
2,4,15,15,15,2014,6.92915,6.10743,839,10,2276,1.7241
2,4,120,90,120,2017,7.5837,6.10582,441,14,1200,3.4783
2,2,60,60,60,2015,7.63748,6.10467,433,14,1353,1.875
2,4,30,15,30,2016,6.787039999999999,6.10237,934,12,1773,2.0
2,5,60,60,60,2017,7.051480000000001,6.1012900000000005,721,10,1343,3.0
2,5,30,30,30,2016,6.89733,6.10123,942,10,2768,2.0
2,5,120,90,120,2015,7.121760000000001,6.09663,620,12,1536,3.1667
2,4,90,90,90,2015,7.7603,6.09552,403,13,878,3.0714
2,8,30,30,30,2014,6.674239999999999,6.09157,1244,8,2895,1.0926
2,5,120,120,120,2014,6.72323,6.0909,1435,12,3369,3.8333
3,7,45,45,45,2016,7.50926,6.08705,440,16,766,1.0625
2,2,30,20,30,2016,6.97123,6.07555,723,10,1874,1.7
2,5,50,30,50,2016,7.349010000000001,6.07453,477,10,794,2.1429
2,4,45,45,0,2015,6.81948,6.07449,884,12,3566,2.0952
2,4,180,45,180,2015,7.70255,6.07324,474,14,1460,2.5789
2,4,30,15,30,2016,6.924919999999999,6.0705800000000005,751,14,1505,1.6364
2,2,15,15,15,2014,6.567139999999999,6.06789,1184,13,3489,1.9016
2,8,120,60,120,2015,8.11685,6.06762,362,12,956,2.8
2,2,120,90,120,2016,7.9436,6.0662400000000005,328,14,774,3.0
2,5,30,30,30,2015,7.0858300000000005,6.06591,625,8,1196,2.0
2,4,15,15,15,2016,6.8243100000000005,6.06375,837,5,1886,1.1765
2,4,60,60,60,2015,6.98983,6.06084,689,14,1592,2.5135
3,8,90,90,90,2016,6.69412,6.06078,930,10,1936,1.5417
3,6,60,60,60,2017,7.3121,6.06033,575,12,1910,2.4545
2,5,40,30,40,2016,6.89878,6.05675,742,8,1909,1.8235
2,2,60,60,60,2015,7.873939999999999,6.05529,343,0,950,2.6667
2,5,30,20,30,2014,6.61198,6.05403,1066,8,1415,1.6852
2,5,120,90,120,2016,7.80531,6.0514,339,12,597,2.4286
2,5,75,75,75,2014,6.669689999999999,6.05134,1018,12,1957,2.9855
2,4,30,30,30,2015,6.86342,6.05125,737,10,1620,1.9069999999999998
2,4,40,20,40,2015,6.96542,6.05039,700,8,1482,1.8889
3,8,20,10,20,2016,6.53336,6.049580000000001,1223,7,1964,1.08
3,5,40,30,40,2015,6.64867,6.04701,934,8,1489,1.7742
3,5,50,30,50,2016,6.64222,6.04557,999,10,2830,1.85
2,6,25,25,25,2014,6.816910000000001,6.039630000000001,722,8,1299,1.3
2,4,180,60,180,2015,7.6695199999999994,6.03536,610,12,1098,3.4
2,4,30,20,30,2016,7.2046600000000005,6.03522,513,10,1319,1.2308
2,4,90,60,90,2016,6.9965,6.0351099999999995,633,14,1452,2.9167
2,6,40,20,40,2018,8.641160000000001,6.0326,447,8,753,2.4615
2,4,120,30,120,2015,6.5113,6.03066,1189,12,2821,3.4023
2,2,30,30,30,2014,7.25155,6.0301599999999995,463,12,1844,2.4375
2,6,60,60,60,2016,7.46828,6.0286800000000005,411,13,961,2.7037
2,2,30,30,30,2014,7.08515,6.02864,582,15,1681,1.9375
2,2,20,15,20,2015,7.56227,6.02804,379,14,617,1.4884
2,4,90,60,90,2015,7.02309,6.026730000000001,618,12,1204,2.6842
2,4,120,120,120,2015,7.35675,6.02355,409,12,568,3.7143
3,5,60,40,60,2017,7.15258,6.0226,483,13,570,2.4167
2,4,120,90,120,2015,6.91445,6.02214,621,12,1093,3.5862
2,4,90,60,90,2016,7.45162,6.01852,414,14,637,2.5294
3,5,75,45,75,2017,7.21161,6.0124699999999995,465,0,590,2.9091
2,4,150,60,150,2016,7.4954600000000005,6.01166,359,12,540,3.931
2,4,90,90,90,2015,6.81383,6.01164,674,13,1617,3.0769
2,4,60,30,60,2014,6.95485,6.01152,592,14,1463,2.5294
2,8,45,45,45,2014,6.89191,6.0111300000000005,645,13,1916,2.5
2,4,120,120,120,2014,6.47654,6.01025,1598,16,2522,2.4545
2,8,15,15,15,2014,6.3858,6.00989,1513,0,3888,1.1512
2,5,90,90,90,2015,6.899430000000001,6.00796,636,12,1289,2.9091
2,2,60,60,60,2015,8.130139999999999,6.00772,279,0,498,3.4545
3,6,60,45,60,2015,6.744910000000001,6.0076,780,14,1428,1.9655
2,4,45,30,45,2016,7.024769999999999,6.0061800000000005,577,12,1087,2.2727
2,4,60,30,60,2016,7.254580000000001,6.0060400000000005,487,12,1057,2.25
2,5,75,45,75,2015,7.22876,6.00349,484,15,1271,2.1429
2,6,90,60,90,2016,7.7020100000000005,6.0019800000000005,343,12,1363,2.4194
2,2,60,60,60,2015,7.390569999999999,6.00167,394,14,1098,2.2727
2,2,120,120,120,2015,7.99135,5.99989,285,0,999,2.9091
2,7,90,60,90,2015,7.1896,5.999709999999999,476,12,788,2.0606
4,8,30,20,30,2015,7.132810000000001,5.99821,519,17,1342,1.0
2,4,45,45,45,2014,6.55665,5.995830000000001,928,8,1493,2.1364
2,6,75,45,75,2017,6.853210000000001,5.99562,598,10,1714,2.7143
2,4,40,20,40,2017,7.24195,5.99202,419,8,626,2.125
2,3,15,10,15,2015,6.4231300000000005,5.99169,1189,4,2405,1.0
2,4,30,15,30,2016,7.05917,5.99012,542,6,1533,1.4444
3,6,90,90,90,2015,6.728289999999999,5.98939,687,14,1674,2.6667
2,4,45,45,45,2015,6.563910000000001,5.98835,975,8,2214,2.0893
2,4,120,90,120,2014,6.98879,5.98766,522,12,1600,3.0294
2,4,120,60,120,2017,7.96513,5.98678,273,10,768,2.6364
2,4,80,40,80,2017,7.026510000000001,5.9854400000000005,482,10,813,2.4545
2,5,20,20,20,2014,6.42365,5.9825099999999996,1180,8,2334,1.25
2,4,60,30,60,2017,7.63657,5.98136,348,14,762,2.4286
2,5,90,90,90,2014,6.8752699999999995,5.98051,577,13,1038,2.5778
2,4,45,30,45,2017,7.42042,5.98045,377,8,414,2.25
2,5,120,60,120,2017,7.57529,5.98036,367,12,657,3.3478
2,2,60,60,60,2016,7.75272,5.97963,294,14,870,2.25
2,4,90,90,90,2017,7.6188199999999995,5.97852,316,10,478,3.0
2,4,120,60,120,2015,7.3425199999999995,5.97849,361,12,609,3.6316
2,2,45,45,45,2015,6.892239999999999,5.97835,584,10,1552,2.1579
2,2,60,60,60,2014,6.41045,5.97808,1203,10,2900,1.7121
2,4,60,60,60,2017,7.2785,5.9774400000000005,398,14,845,3.0667
2,6,45,45,45,2017,6.92892,5.977180000000001,556,14,1191,1.375
2,4,45,45,45,2015,7.53414,5.97602,326,12,1543,2.7
2,6,30,30,30,2016,6.955830000000001,5.97529,511,10,1147,1.7143
2,5,20,20,20,2016,6.75333,5.97262,657,7,1154,1.375
2,4,30,15,30,2017,7.42783,5.97079,371,14,873,1.7
2,4,40,20,40,2016,7.15065,5.96989,430,10,582,2.1429
2,4,120,90,120,2017,7.49407,5.9694,339,13,861,3.0833
2,2,60,60,0,2016,7.6401,5.969180000000001,301,14,951,2.0
2,4,30,15,30,2014,6.61123,5.96874,762,14,1279,1.54
2,2,20,20,20,2014,6.85889,5.96784,577,8,1181,1.7
2,4,60,30,60,2015,7.65791,5.96772,352,13,1369,2.1111
2,5,60,60,60,2016,7.204330000000001,5.96725,400,10,851,2.2
3,6,45,30,45,2015,6.888139999999999,5.96659,607,12,1313,2.0588
2,5,45,45,45,2015,6.79415,5.96605,622,10,1194,1.5833
2,4,60,30,60,2017,7.1321699999999995,5.96595,482,10,1292,1.6
2,4,60,30,60,2015,7.100060000000001,5.96549,464,8,791,2.6316
2,8,15,15,15,2014,6.742939999999999,5.9646,639,8,1815,1.15
2,2,45,45,45,2016,7.22115,5.96349,392,12,1083,2.0526
2,5,35,35,35,2015,7.41728,5.96319,336,7,861,2.1333
2,8,60,60,60,2016,6.57142,5.9631099999999995,840,10,1579,2.3077
3,6,20,20,20,2017,7.3198300000000005,5.961790000000001,360,14,646,1.75
2,2,90,90,90,2017,8.025889999999999,5.9615800000000005,326,14,752,3.2
2,8,15,15,15,2014,6.7317,5.96136,656,8,1738,1.1786
3,5,150,90,150,2015,7.17227,5.96039,405,13,1032,3.7907
2,2,30,30,30,2016,6.91935,5.95955,542,12,976,1.8824
2,6,20,20,20,2015,6.78848,5.95814,799,8,1172,1.0263
2,2,25,25,25,2014,6.38972,5.9576199999999995,1142,13,2807,1.8193
2,4,45,30,45,2016,7.34012,5.95739,352,10,805,1.8571
2,4,90,60,90,2015,7.42806,5.957269999999999,371,9,1953,3.0625
2,4,75,30,75,2016,7.08874,5.95363,429,10,747,2.9
2,2,45,30,45,2016,7.38778,5.9488199999999996,345,10,791,2.0
2,5,90,60,90,2016,7.37475,5.94839,343,10,654,3.2143
2,2,60,60,60,2016,7.666980000000001,5.94719,278,14,790,2.0
2,5,45,45,45,2017,7.994,5.94677,249,8,760,2.7
2,6,30,30,30,2015,6.89565,5.94652,515,7,976,1.4583
2,4,45,30,45,2014,6.859260000000001,5.94522,504,7,857,1.9688
2,5,90,60,90,2016,7.082789999999999,5.94321,409,12,644,2.6667
2,2,45,30,45,2015,6.2992,5.94285,1356,12,3217,1.7391
2,4,60,60,60,2016,8.27652,5.9427,221,12,975,3.2
3,5,45,45,45,2015,6.924989999999999,5.939690000000001,461,13,705,2.0667
3,6,90,60,90,2014,6.5602800000000006,5.93826,1081,10,3298,1.8889
3,5,60,30,60,2016,7.008939999999999,5.93821,490,18,979,2.5
3,3,45,45,45,2014,7.05135,5.93811,414,13,1009,2.1724
3,7,45,30,45,2015,6.4824,5.93666,942,10,1922,1.7879
2,5,60,45,60,2015,6.666289999999999,5.93567,641,13,1264,2.2188
2,6,10,10,10,2015,6.86603,5.93489,486,14,1556,1.3043
2,4,75,45,75,2017,7.4785,5.9342,306,0,859,2.8333
4,8,35,15,35,2017,6.679180000000001,5.934,643,10,1318,1.1538
2,4,120,70,120,2017,6.875489999999999,5.93267,521,12,907,3.6071
3,6,45,45,45,2017,7.50113,5.93262,340,14,722,2.4444
2,5,45,45,45,2014,6.578639999999999,5.93225,734,10,1359,1.7391
2,5,35,35,35,2014,6.48186,5.9318800000000005,843,13,999,2.1458
2,6,45,45,45,2014,6.90493,5.931690000000001,481,10,1470,2.8333
2,6,30,30,30,2015,7.28684,5.928030000000001,316,12,1690,2.3333
2,6,60,30,60,2016,6.7904100000000005,5.92663,542,8,1327,1.7143
3,5,120,90,120,2018,7.98233,5.9258,327,13,1224,3.0909
2,4,45,30,45,2016,7.67812,5.92539,276,0,645,2.2
3,6,5,5,5,2015,6.73835,5.9247,620,10,1422,1.1111
2,4,20,20,20,2015,7.09435,5.92266,375,8,849,1.8182
3,4,60,30,60,2015,7.19567,5.92265,353,12,721,2.3333
2,4,20,20,20,2015,6.57682,5.9218,728,6,1425,1.175
2,5,60,60,60,2014,6.572369999999999,5.92148,739,10,1788,2.3617
2,2,45,45,0,2017,7.712039999999999,5.92039,275,14,1463,2.0
2,5,60,45,60,2016,7.14382,5.919980000000001,380,14,1161,1.8333
2,4,45,45,45,2014,7.39997,5.91939,308,14,597,2.4615
2,2,30,30,30,2015,7.1066199999999995,5.91783,387,13,989,2.8333
2,4,60,45,60,2015,7.22947,5.91737,341,8,1068,2.0909
2,5,15,10,15,2016,6.926360000000001,5.91642,445,4,815,1.0
2,5,60,30,60,2016,7.061839999999999,5.91549,382,10,974,2.3333
2,2,60,60,60,2014,6.92298,5.9154800000000005,456,13,1121,2.4643
2,4,45,25,45,2014,6.48378,5.91528,832,8,1713,1.4286
3,5,150,90,150,2016,7.05732,5.9084699999999994,373,10,435,3.0
2,5,90,60,90,2017,7.486610000000001,5.90835,354,10,1363,2.4118
2,4,30,30,0,2015,6.39184,5.90795,988,8,1607,1.2273
2,4,45,45,45,2015,7.99425,5.90741,200,8,411,2.0
2,4,45,45,45,2014,6.67362,5.90565,576,8,1032,2.0
2,4,30,30,30,2017,7.291180000000001,5.90477,364,12,981,1.8
2,5,20,10,20,2015,6.17283,5.904380000000001,4252,18,11653,1.0811
2,4,30,30,30,2014,6.61632,5.904319999999999,653,14,1246,1.6087
2,4,60,40,60,2016,6.98195,5.90409,442,12,683,2.55
2,4,60,20,60,2015,7.181139999999999,5.90394,402,12,1118,2.3478
2,5,45,45,45,2014,6.94371,5.9021,395,12,725,2.3333
2,6,60,30,60,2014,7.18916,5.90081,352,8,617,1.8333
2,6,45,45,45,2014,6.974310000000001,5.90019,405,12,835,2.1111
3,8,60,20,60,2015,7.146539999999999,5.89955,351,12,1024,1.125
3,6,120,60,120,2016,7.031569999999999,5.8984,496,10,1683,2.0
2,4,60,45,60,2015,6.7175199999999995,5.89792,540,12,1152,2.3529
2,8,720,720,720,2014,8.19032,5.89504,190,14,466,4.6111
2,4,75,40,75,2014,6.63714,5.8939900000000005,559,10,888,2.186
2,4,10,10,10,2015,6.6202,5.8937,556,10,1267,1.3684
2,4,30,30,30,2014,7.0762,5.89232,355,13,602,2.0
2,5,30,30,30,2016,6.78822,5.8882,457,6,755,1.25
2,4,30,20,30,2015,7.0182,5.88668,358,13,1160,1.7692
2,6,30,5,30,2016,6.70764,5.8863,576,8,2059,1.3846
3,5,120,90,120,2015,6.8185199999999995,5.88518,452,14,633,2.8182
2,5,60,45,60,2015,6.52765,5.88387,634,10,898,1.92
2,4,15,10,15,2015,6.4366699999999994,5.88299,793,12,1347,1.6579
2,5,90,90,90,2014,6.5443,5.88286,622,12,1141,2.825
2,4,30,15,30,2016,7.04546,5.88243,427,9,880,1.8182
2,5,30,30,30,2015,6.93271,5.88197,384,8,806,1.6522
2,6,60,60,60,2017,7.02695,5.88119,347,10,703,2.5
2,4,20,10,20,2017,7.19562,5.88018,329,8,596,1.0
2,4,30,30,30,2014,6.42336,5.87984,717,13,1764,1.3333
2,6,45,45,45,2016,6.911910000000001,5.8798,376,13,612,1.1667
2,2,50,20,50,2014,7.519839999999999,5.87902,275,14,469,3.1818
2,5,20,20,20,2014,7.04957,5.87881,509,8,1171,2.093
2,4,60,30,60,2016,6.82828,5.87845,440,10,920,3.0
2,4,60,30,60,2015,8.13835,5.87836,236,10,428,2.95
2,2,180,180,180,2017,8.30275,5.878340000000001,183,13,735,3.4167
3,6,30,30,0,2016,7.0163,5.877619999999999,389,14,863,1.5385
2,6,15,15,15,2017,7.1915,5.8749199999999995,341,10,595,1.2
2,8,45,45,45,2014,6.90055,5.87372,509,14,1338,2.7708
2,5,90,90,90,2014,6.865239999999999,5.87191,420,10,544,2.3514
2,4,120,90,120,2016,7.2912,5.86948,275,12,588,2.25
2,4,30,30,30,2014,6.90395,5.86693,384,14,1302,2.1333
2,4,120,90,120,2017,7.864730000000001,5.86601,188,12,577,4.2143
3,8,10,10,0,2017,6.942410000000001,5.86528,381,14,926,1.0
2,2,750,750,750,2014,8.02975,5.8649,195,0,968,3.5
2,5,30,30,30,2014,6.33769,5.864669999999999,860,8,1097,1.9556
2,5,30,30,0,2017,6.930510000000001,5.86436,356,10,654,1.875
2,7,240,120,240,2015,7.001510000000001,5.86417,489,18,1326,2.95
2,4,120,120,120,2014,7.26282,5.86307,271,14,686,4.1034
2,2,13,13,13,2017,6.82137,5.8623199999999995,390,10,1151,2.1905
2,4,120,60,120,2017,7.80958,5.86161,237,14,596,3.4737
2,4,45,20,45,2017,7.2278199999999995,5.86046,298,13,1015,2.2
2,2,60,60,60,2014,7.0196,5.859719999999999,329,12,671,2.7059
2,6,40,40,40,2015,6.60146,5.85911,549,10,1078,1.5417
2,4,120,60,120,2014,6.62781,5.85898,519,12,1230,2.52
3,5,90,60,90,2015,7.15384,5.85597,292,14,580,2.2222
2,4,60,60,60,2014,6.947430000000001,5.85529,369,13,779,3.1034
2,2,15,15,15,2014,6.65372,5.85505,476,10,1154,1.9048
2,5,30,20,30,2017,7.213480000000001,5.85473,325,10,841,1.3
2,5,90,60,90,2017,7.812139999999999,5.85463,215,14,600,2.6667
2,5,60,30,60,2017,7.726139999999999,5.85425,216,8,609,2.0
3,6,30,30,30,2015,6.9473899999999995,5.85398,329,8,435,1.2727
2,4,120,40,120,2016,7.228089999999999,5.853680000000001,301,10,624,2.5
3,5,60,45,60,2015,7.0069,5.85351,385,14,696,1.2667
2,4,45,45,45,2015,6.65107,5.852,464,10,905,2.6875
2,4,45,45,45,2017,6.615530000000001,5.85069,662,8,1634,1.2273
3,5,90,60,90,2017,6.67467,5.85056,505,12,1172,1.8333
2,4,90,60,90,2017,7.98919,5.850280000000001,185,10,882,3.0
2,4,30,20,30,2017,6.894260000000001,5.8501199999999995,359,10,888,1.8333
2,4,45,45,45,2017,6.87799,5.84883,368,10,544,2.3333
2,8,20,20,0,2016,7.208139999999999,5.84855,291,8,758,1.0
2,4,45,30,45,2015,6.3979800000000004,5.84802,801,15,2112,2.0769
3,8,90,90,90,2016,7.08553,5.84692,295,13,661,1.75
2,2,30,30,30,2014,6.57383,5.84684,619,12,1933,2.0909
2,8,90,90,90,2016,7.958189999999999,5.84664,238,14,381,2.35
2,4,60,60,60,2014,6.755269999999999,5.84588,405,14,696,2.4839
2,4,60,60,60,2014,6.42071,5.8455699999999995,656,10,1253,1.9487
2,2,30,30,30,2017,7.586880000000001,5.84274,215,12,590,2.1667
2,6,90,45,90,2015,7.21328,5.84229,277,13,911,2.0
2,5,60,45,60,2016,6.796939999999999,5.8409,408,13,866,2.6667
2,5,30,30,30,2017,7.355989999999999,5.8407599999999995,267,12,426,2.0
2,5,30,30,30,2016,6.814039999999999,5.84044,364,8,591,2.0
2,4,30,30,30,2014,6.90725,5.83772,324,8,649,1.1739
2,4,70,40,70,2015,6.52608,5.83764,523,12,1269,2.3704
2,2,40,40,40,2015,6.7939300000000005,5.83711,377,12,908,2.3889
2,4,20,20,20,2015,6.77002,5.83704,453,10,1356,2.12
2,5,90,45,90,2016,7.38967,5.83697,225,14,505,3.25
2,4,15,5,15,2016,6.8761,5.83638,410,10,1005,1.6316
2,5,30,30,30,2016,6.7660800000000005,5.836,416,10,998,2.3125
2,6,120,30,120,2016,6.559080000000001,5.83515,606,14,1568,2.1
2,5,45,45,45,2014,7.07516,5.83451,310,15,970,2.1429
2,4,45,45,45,2014,6.6428,5.83376,451,8,685,1.825
2,4,45,30,45,2016,6.82552,5.83333,391,13,1122,2.1111
2,2,120,45,120,2017,8.66918,5.83285,159,13,378,2.5455
2,4,120,60,120,2016,7.4252899999999995,5.831230000000001,218,13,437,3.6429
2,4,60,30,60,2016,7.08712,5.83062,330,14,750,1.9412
2,4,30,20,30,2016,6.54036,5.83035,507,8,1090,1.1333
2,6,60,30,60,2014,6.34539,5.8291699999999995,805,13,1612,1.375
2,4,10,10,10,2015,6.49474,5.82828,514,13,1104,1.7391
3,5,60,45,60,2017,7.1822,5.82751,246,10,384,2.6364
2,4,60,0,60,2016,7.253889999999999,5.82611,286,10,1931,2.5
2,2,20,20,20,2014,7.09704,5.82584,277,6,753,1.0
3,6,30,30,30,2014,6.53065,5.82555,588,8,1109,1.1364
2,5,60,45,60,2015,6.44195,5.82506,613,8,1510,2.4545
2,5,120,120,120,2014,7.167610000000001,5.8243599999999995,259,12,376,2.8
2,5,75,75,75,2014,6.87133,5.82315,346,10,685,2.8214
2,6,10,10,0,2015,6.96586,5.8229999999999995,297,14,984,1.5
2,4,25,25,25,2016,6.81422,5.81955,327,8,693,1.3333
2,6,90,45,90,2017,7.39102,5.81798,215,8,639,3.375
3,4,75,75,75,2014,7.254289999999999,5.81766,259,10,742,2.5
2,5,120,90,120,2017,7.80318,5.81732,175,10,499,2.4286
2,2,30,20,30,2016,8.01943,5.81675,175,0,391,2.25
2,5,40,30,40,2016,6.41496,5.8156099999999995,590,10,683,1.8889
2,2,120,120,120,2014,7.68306,5.81536,186,0,791,2.8
4,8,50,20,50,2016,7.3817699999999995,5.81533,232,12,436,1.8
2,4,60,60,60,2017,7.129919999999999,5.81455,251,8,495,2.3125
2,5,45,45,45,2014,6.5949,5.81353,454,15,893,2.1143
2,4,60,30,60,2016,7.43111,5.81349,325,13,612,2.2
2,6,60,45,60,2015,6.865989999999999,5.812930000000001,329,10,427,1.8333
2,2,45,30,45,2016,7.39332,5.812130000000001,220,14,556,2.0
2,4,120,90,120,2015,6.73183,5.81002,366,14,593,3.3939
2,6,120,10,120,2015,6.6669,5.80917,395,8,873,2.3333
3,5,30,20,30,2016,6.53739,5.808669999999999,445,13,1432,2.0
2,4,30,10,30,2016,7.23347,5.80837,251,13,456,2.0
2,4,90,45,90,2016,6.62518,5.807580000000001,396,8,974,2.1
2,6,20,20,20,2017,6.81607,5.80642,382,8,1025,1.2
2,8,15,0,15,2017,6.916110000000001,5.80529,298,8,1097,1.5
2,2,20,20,20,2015,6.5309099999999995,5.804930000000001,451,10,1028,1.5714
2,6,30,5,30,2015,6.4189300000000005,5.8022800000000005,681,8,1977,1.3043
2,6,90,45,90,2016,7.518210000000001,5.80175,254,13,446,2.25
2,4,45,30,45,2016,7.42208,5.801419999999999,204,10,644,2.0
2,4,15,15,15,2017,6.654730000000001,5.80007,400,10,961,1.2857
2,4,20,10,20,2016,6.362369999999999,5.79563,548,10,1057,1.3333
2,5,45,45,45,2016,7.699269999999999,5.79509,165,13,424,3.3333
4,8,120,60,120,2017,7.50615,5.79486,247,17,669,2.4286
2,4,45,30,45,2017,6.89076,5.79485,329,8,716,2.0
2,8,15,15,0,2016,6.28238,5.79471,660,8,1240,1.7692
3,4,60,40,60,2017,7.07521,5.79442,235,14,690,2.0
2,5,30,30,0,2016,6.448259999999999,5.79326,602,15,1953,1.6667
2,4,50,30,50,2015,6.94614,5.79274,324,12,846,1.8333
2,2,25,15,25,2015,7.06683,5.79213,259,13,794,2.7778
2,5,100,40,100,2016,7.30555,5.79204,262,12,773,2.8333
2,4,30,30,30,2014,6.6128800000000005,5.7919,382,10,588,1.64
2,5,45,20,45,2015,6.8418600000000005,5.79066,298,10,817,2.4
2,4,15,15,15,2014,6.751689999999999,5.7904599999999995,325,14,843,2.125
2,2,30,10,30,2017,7.60387,5.79039,217,14,1297,2.4286
2,5,40,40,40,2016,6.635,5.79018,384,10,821,2.1
2,4,45,30,45,2016,7.33864,5.78927,193,10,618,2.0
2,5,10,10,10,2017,6.6303399999999995,5.78825,377,14,997,1.3
3,6,60,60,0,2017,7.05266,5.78711,274,14,843,3.6667
2,6,45,45,45,2014,6.37165,5.7866599999999995,563,12,1454,2.9211
2,2,30,30,30,2015,6.97594,5.78661,255,8,715,1.7895
2,6,40,30,40,2017,6.7823,5.78557,320,8,604,2.0
2,4,30,20,30,2014,6.62816,5.7846,374,14,708,1.6
2,2,50,30,50,2016,7.1621,5.7841,224,8,503,2.0
2,2,720,0,720,2014,8.45317,5.78341,126,0,827,3.8125
2,4,45,45,45,2016,7.487610000000001,5.7831,189,13,759,2.1667
3,5,90,90,90,2014,6.98032,5.78297,252,13,659,2.5625
2,4,60,45,60,2017,6.87034,5.781219999999999,322,14,1099,2.0833
4,8,30,20,30,2017,7.20297,5.781000000000001,219,10,459,1.2222
2,4,10,10,10,2014,6.458130000000001,5.78072,443,10,687,1.2857
2,4,45,45,45,2014,6.50664,5.78055,429,13,1281,2.0
2,2,120,0,120,2016,8.41189,5.778169999999999,122,0,489,3.0
2,2,60,60,60,2014,8.844510000000001,5.77815,100,15,518,4.0
2,4,90,45,90,2015,6.3871,5.77815,480,10,785,2.76
2,4,60,60,60,2016,7.38157,5.7779300000000005,182,14,626,2.0
3,8,45,30,45,2015,6.4869,5.7766,426,14,802,1.5556
2,4,60,20,60,2016,6.96634,5.77522,366,12,1003,2.2222
3,7,20,20,20,2017,6.995489999999999,5.77517,244,10,470,2.0
2,5,45,45,45,2014,7.006689999999999,5.77503,270,15,763,2.1818
2,4,240,180,240,2016,7.6814,5.77466,171,12,390,2.6923
2,5,45,30,45,2015,6.92355,5.77464,327,8,614,1.8387
2,4,15,15,15,2014,6.09455,5.77364,883,8,2690,1.36
2,4,40,20,40,2015,6.5033900000000004,5.77307,395,13,967,2.5
2,4,25,15,25,2015,6.65716,5.77185,370,10,588,1.4286
2,4,90,90,90,2015,7.39354,5.77163,192,13,368,3.04
3,4,90,90,90,2016,6.708539999999999,5.7715,314,12,822,3.0
3,4,120,90,120,2015,6.6298,5.77104,342,14,663,2.625
2,4,75,25,75,2016,7.329610000000001,5.77021,232,0,526,2.0
2,4,120,120,120,2014,6.83352,5.769830000000001,270,10,516,2.8824
2,4,10,10,0,2015,7.27672,5.76921,183,7,323,1.0
2,2,120,120,120,2014,7.187239999999999,5.76745,214,12,911,2.2
2,5,45,30,45,2015,6.43685,5.76652,470,12,1067,2.0
2,2,60,60,60,2015,6.98082,5.76622,231,14,600,2.0
2,2,45,45,45,2015,7.57857,5.766,161,12,1054,2.0
2,4,60,45,60,2015,7.14814,5.765280000000001,211,13,410,2.3846
2,7,60,30,60,2016,7.22848,5.76521,188,10,342,1.0
2,2,45,30,45,2016,7.62177,5.76398,147,13,359,2.6667
2,4,45,45,45,2014,6.49204,5.76393,375,10,644,1.9167
2,2,120,90,120,2016,7.56738,5.76291,170,10,520,3.0909
2,2,45,30,45,2017,7.60098,5.761909999999999,162,14,1045,3.0
2,4,40,40,40,2015,6.60155,5.7613,328,10,915,2.1538
2,4,120,60,120,2015,7.1571,5.76088,241,14,647,2.7143
2,5,60,30,60,2015,6.647810000000001,5.760759999999999,365,13,1412,1.625
2,6,120,60,120,2016,6.948980000000001,5.75945,244,12,684,2.8
2,4,30,30,30,2014,7.44992,5.7588099999999995,163,6,195,2.0
2,4,120,60,120,2016,7.099419999999999,5.757219999999999,225,14,459,2.6
2,4,45,45,45,2014,6.8799399999999995,5.7546,257,12,717,2.3182
4,8,35,15,35,2017,6.7306,5.75381,285,12,958,2.0
2,2,900,240,900,2017,8.53973,5.7535099999999995,112,0,721,3.6923
2,2,45,45,45,2016,6.6138699999999995,5.75162,298,12,701,2.0
2,2,45,45,45,2015,7.462089999999999,5.749230000000001,153,12,1192,2.75
2,4,60,60,60,2017,7.792039999999999,5.7487699999999995,137,12,221,2.6667
2,5,20,20,20,2015,6.555060000000001,5.74846,332,13,1235,1.7273
4,8,20,20,20,2016,6.73358,5.74838,338,14,536,1.5
2,4,30,15,30,2017,6.84585,5.747809999999999,236,8,478,1.1429
2,2,15,15,15,2017,7.57925,5.74744,147,0,444,1.75
2,4,30,15,30,2016,6.3011,5.74674,496,8,738,2.3077
2,6,180,120,180,2015,7.04426,5.7467,244,12,1065,3.1429
4,8,15,5,15,2017,7.21024,5.746230000000001,205,10,625,1.2857
3,6,45,45,45,2014,6.910410000000001,5.74594,222,10,330,2.0
2,8,6000,60,6000,2015,8.682210000000001,5.74576,104,12,510,3.9375
2,6,45,30,45,2014,6.55497,5.7457199999999995,343,12,843,2.375
2,4,60,45,60,2016,6.6897,5.74566,278,10,535,1.8333
2,5,15,15,15,2017,6.39725,5.745369999999999,408,8,916,1.0
2,8,90,30,90,2016,7.76138,5.74526,130,13,387,2.3333
2,2,60,60,60,2014,7.874289999999999,5.74453,245,12,333,2.5227
3,5,20,20,20,2016,6.779260000000001,5.74406,262,8,537,1.6
2,8,30,30,0,2017,7.57172,5.74385,157,14,1043,2.0
2,4,60,45,60,2015,6.6536,5.74381,292,9,627,2.7143
2,4,75,30,75,2017,7.34674,5.74337,164,14,410,2.2
2,4,30,15,30,2017,7.07108,5.74294,203,10,306,1.875
3,8,120,30,120,2015,6.89757,5.74287,226,8,437,2.8571
2,6,40,20,40,2016,6.87195,5.74218,239,8,654,1.3
2,4,30,20,30,2016,6.55713,5.740819999999999,357,7,888,1.5714
2,4,30,25,30,2015,7.0171399999999995,5.74068,241,8,465,2.0
4,7,30,30,30,2014,6.56849,5.739809999999999,354,13,1129,2.0
2,6,30,15,30,2016,6.598210000000001,5.7397,302,8,553,1.1111
2,6,40,20,40,2015,6.4676800000000005,5.73935,397,13,1106,1.75
2,4,25,25,25,2014,6.19496,5.73907,577,8,1117,1.3824
2,4,30,30,30,2014,7.010330000000001,5.73873,214,15,390,1.9167
3,5,45,45,45,2014,6.6028,5.73867,298,8,812,2.5417
2,4,45,45,45,2014,6.756530000000001,5.73867,251,10,439,2.1538
2,4,45,45,45,2016,6.37249,5.73839,439,8,1125,1.3077
2,6,25,15,25,2015,6.1075099999999996,5.73838,666,7,994,1.1538
2,4,90,45,90,2015,6.820119999999999,5.7383,247,12,480,3.125
2,5,10,10,10,2015,6.5095,5.73822,317,8,1213,1.3636
2,2,30,30,30,2015,6.53153,5.737,365,8,927,1.8889
2,4,90,90,90,2014,6.62418,5.73646,287,13,1008,2.8
2,2,120,0,120,2015,7.58333,5.73566,156,0,621,2.5556
2,4,240,60,240,2014,8.26667,5.7354400000000005,107,14,431,3.625
2,4,90,75,90,2016,6.89221,5.73495,231,12,356,2.7273
2,5,60,30,60,2015,6.693280000000001,5.73436,253,10,326,2.4615
2,3,90,90,90,2015,7.385,5.734030000000001,165,14,957,2.625
2,4,90,60,90,2015,7.4927600000000005,5.73376,152,15,192,2.4
2,4,60,45,60,2016,6.85117,5.73364,214,10,247,2.6667
2,5,90,60,90,2016,6.81602,5.73308,241,10,356,2.6
2,5,30,30,0,2016,6.3586,5.73272,385,8,451,1.9167
3,7,420,300,420,2016,8.35392,5.7324,92,12,117,4.25
2,4,10,10,10,2015,6.57402,5.73224,286,10,1143,1.5
3,5,30,30,30,2015,6.463509999999999,5.73221,333,10,524,2.2083
2,3,300,0,300,2015,7.7584,5.73169,125,14,671,3.8333
2,5,45,30,45,2016,6.2328,5.72998,471,8,605,1.4615
2,6,50,20,50,2014,6.1683,5.7295,632,8,1106,2.0556
2,4,45,20,45,2014,6.41645,5.72941,386,10,801,2.0
2,4,60,45,60,2015,6.904389999999999,5.72882,228,10,478,2.1304
3,5,45,45,0,2015,7.38912,5.72813,147,13,283,2.5385
2,6,90,90,0,2015,7.20702,5.72766,178,12,389,2.8333
2,4,75,75,75,2017,6.90083,5.72724,216,13,214,3.0
2,4,60,60,60,2014,7.077139999999999,5.7270900000000005,192,12,388,3.1429
2,4,960,180,960,2016,8.69082,5.725709999999999,98,13,470,3.6667
2,2,45,30,45,2016,6.8742,5.7252,224,8,390,1.6667
2,6,20,20,20,2015,6.90609,5.72463,202,7,470,1.2
2,6,30,30,30,2015,6.28425,5.7244,439,8,911,1.6
2,5,15,15,15,2014,6.45951,5.72385,305,8,566,1.15
2,2,120,120,120,2016,7.83358,5.72372,134,12,754,3.8182
2,4,60,60,60,2017,6.877999999999999,5.7234,195,14,538,2.3333
2,6,15,15,15,2015,6.36203,5.72317,422,12,971,1.875
2,4,90,50,90,2017,7.145239999999999,5.72316,168,10,273,3.3
2,4,40,40,40,2014,6.579960000000001,5.72225,257,10,439,2.3125
2,4,45,45,45,2014,6.28622,5.72219,497,12,831,2.4
2,4,30,25,30,2016,6.6316,5.72211,273,8,592,1.1111
2,5,50,25,50,2015,6.35746,5.72157,351,10,654,2.1429
2,6,90,60,90,2016,7.2473399999999994,5.72141,158,12,523,3.5
2,5,30,30,30,2017,6.94537,5.72105,191,10,609,1.8333
2,2,20,20,20,2014,6.67963,5.720940000000001,243,8,550,1.4667
2,2,1440,0,1440,2014,8.35045,5.720680000000001,112,0,426,3.3
2,6,20,20,20,2014,6.45936,5.72048,327,9,558,1.4545
2,4,30,30,30,2015,6.6203199999999995,5.7202,267,8,513,1.7857
2,4,120,120,120,2017,7.400510000000001,5.71957,160,14,529,2.0
2,4,15,15,15,2014,6.35555,5.71948,375,8,906,1.25
2,4,30,30,30,2017,7.189589999999999,5.71699,165,8,259,1.6
2,5,45,45,45,2017,7.07005,5.716069999999999,187,14,516,2.5
2,4,90,90,90,2015,7.1679699999999995,5.7153599999999996,187,14,621,2.6875
2,2,45,10,45,2016,8.710469999999999,5.71365,86,8,436,3.0
2,2,480,240,480,2015,8.25221,5.71335,113,12,582,4.125
2,6,20,20,20,2017,6.80735,5.7127099999999995,211,6,263,1.0
2,4,20,20,20,2016,7.23707,5.71267,147,12,205,2.0
3,6,30,20,30,2016,6.9226600000000005,5.71225,207,10,374,1.6
2,6,45,20,45,2014,6.86759,5.71114,199,11,404,2.2222
2,2,300,0,300,2015,8.19792,5.71109,96,12,460,3.4615
2,2,30,20,30,2016,6.83944,5.7099400000000005,197,12,502,2.1667
2,5,60,60,60,2015,6.80209,5.70981,196,10,405,2.6667
2,4,30,20,30,2015,6.40611,5.70938,328,7,708,1.4
3,5,30,30,30,2014,6.594939999999999,5.70873,243,10,532,1.9286
3,5,45,30,45,2015,6.31163,5.70859,374,10,1036,1.9091
2,2,60,60,60,2014,8.39565,5.70841,92,12,374,3.5
3,5,60,45,60,2017,7.2865,5.7074300000000004,183,14,417,2.0
2,2,20,20,20,2015,6.84635,5.70636,241,8,861,2.1818
2,4,120,90,120,2017,7.46167,5.70625,120,12,594,3.25
2,5,20,20,20,2014,6.37678,5.70578,333,10,650,1.25
2,4,60,60,60,2014,6.63967,5.70554,252,13,647,2.1053
2,4,100,100,100,2014,6.8853800000000005,5.70491,182,10,453,2.4444
2,5,19,13,19,2016,6.5288699999999995,5.70434,265,8,268,1.3333
3,5,60,60,60,2014,6.46968,5.70432,277,8,568,1.9545
3,5,90,45,90,2016,6.76325,5.70412,198,12,299,2.5
2,2,30,20,30,2017,7.40485,5.70397,130,10,331,2.5
2,2,180,40,180,2015,6.4516800000000005,5.70389,381,12,647,2.3182
2,4,60,45,60,2017,7.43739,5.70319,161,12,329,2.0
3,8,30,15,30,2015,6.75767,5.70317,215,8,554,1.3333
2,2,30,5,30,2015,6.5763,5.703069999999999,327,0,796,1.7
2,5,60,30,60,2015,6.89088,5.70303,181,14,321,2.6875
2,4,90,60,90,2016,7.504169999999999,5.70264,132,12,298,3.35
2,4,120,30,120,2017,8.0308,5.70216,112,0,316,3.3333
2,6,15,15,15,2017,6.68554,5.7018,211,8,248,1.0
2,4,45,45,45,2017,6.84563,5.70177,197,10,279,2.1667
2,6,20,15,20,2015,6.081519999999999,5.70141,618,6,1214,1.0455
2,6,250,250,250,2017,8.059339999999999,5.70067,91,12,386,4.2
2,5,45,30,45,2014,6.120830000000001,5.70058,491,13,1155,1.5
2,6,60,60,60,2015,6.934060000000001,5.700419999999999,175,8,451,2.4167
2,5,25,25,25,2015,6.2071,5.69996,466,8,1155,1.3889
2,2,60,0,60,2016,8.11921,5.69996,100,12,387,3.5
3,7,20,20,20,2015,6.36267,5.69982,318,7,516,1.2632
2,5,15,15,15,2015,5.88154,5.69957,9025,7,17762,1.0705
3,6,15,15,15,2014,6.51255,5.69943,259,8,373,2.0
2,4,45,45,45,2015,6.26082,5.69913,389,14,921,1.9167
2,5,90,60,90,2017,7.51542,5.6977199999999995,153,10,313,2.1818
2,5,60,45,60,2017,6.944210000000001,5.6971099999999995,178,12,412,2.3
2,4,35,25,35,2016,6.40038,5.69595,301,14,664,2.0
2,5,90,60,90,2015,6.39358,5.69585,327,12,665,2.6
2,5,40,20,40,2016,6.43026,5.695530000000001,309,8,489,1.6667
2,2,30,10,30,2016,8.06348,5.69549,89,0,300,2.4
2,4,240,90,240,2015,6.9919,5.6950199999999995,200,16,475,3.6189999999999998
2,4,60,30,60,2014,6.76973,5.6946900000000005,224,10,472,2.3571
2,6,60,45,60,2016,6.601430000000001,5.6944300000000005,245,10,418,1.5
2,4,0,0,0,2017,6.8539,5.6942900000000005,177,8,695,2.1429
3,4,60,60,60,2015,6.88409,5.69383,184,12,659,2.4167
2,2,30,10,30,2016,8.25602,5.69379,83,0,291,2.4
2,8,15,15,15,2015,6.2076400000000005,5.6933,398,8,822,1.1429
2,5,30,30,30,2017,6.89324,5.6931199999999995,195,14,432,2.0
2,2,30,30,30,2015,6.641210000000001,5.69261,215,10,356,1.375
2,5,60,30,60,2016,6.8828,5.69215,218,12,542,2.1429
2,6,30,30,30,2014,6.10382,5.6918,544,7,1041,1.2667
2,6,30,15,30,2016,6.870769999999999,5.6913,208,10,412,1.25
2,5,10,10,10,2014,6.34781,5.69055,360,8,878,1.1
2,4,60,30,60,2016,6.19799,5.69019,414,8,1211,2.4286
2,2,30,15,30,2015,6.727469999999999,5.69015,190,12,534,2.3333
2,2,30,30,0,2014,7.24816,5.6900699999999995,163,13,325,3.1
2,2,20,20,20,2014,6.46151,5.69006,265,10,729,2.0
2,2,30,10,30,2017,6.76554,5.69001,193,12,338,1.5
2,4,30,30,30,2017,7.09967,5.68999,151,8,509,1.75
2,4,45,15,45,2017,6.822610000000001,5.68984,188,8,485,1.4
3,6,20,20,20,2014,6.313280000000001,5.68968,320,10,580,1.4286
2,5,45,30,45,2015,6.28735,5.68962,332,13,819,1.6087
2,2,30,30,30,2014,6.9804699999999995,5.6888,169,13,601,2.0909
2,2,30,10,30,2016,7.98765,5.68877,85,0,276,2.0
2,4,90,50,90,2017,6.9126199999999995,5.68852,164,12,209,3.125
2,4,30,15,30,2016,7.65552,5.68811,172,8,268,1.1667
2,4,60,30,60,2017,6.570689999999999,5.6871599999999995,247,12,721,1.5
2,4,20,20,20,2015,6.83398,5.68582,206,8,336,1.5833
2,6,20,20,20,2014,6.21787,5.6856800000000005,361,8,415,1.2083
2,2,25,25,25,2017,7.124630000000001,5.6852599999999995,134,10,355,2.25
2,4,25,10,25,2014,6.0439099999999994,5.68499,583,14,1397,1.5
2,5,10,5,10,2014,5.86469,5.68485,1094,6,2437,1.0685
2,7,60,30,60,2017,6.97253,5.684819999999999,162,9,340,1.75
2,4,90,60,90,2014,6.38563,5.684080000000001,277,10,778,2.2105
2,7,45,45,45,2014,7.97898,5.68403,88,18,260,2.6667
2,4,30,20,30,2017,6.55658,5.683730000000001,220,8,359,1.6667
2,2,20,20,20,2016,6.827030000000001,5.68314,172,8,329,1.8333
2,4,30,20,30,2015,6.40193,5.6829,281,12,488,2.3333
3,6,20,10,20,2016,6.22623,5.6818800000000005,395,14,1150,1.7
2,6,90,90,90,2014,6.65753,5.6813400000000005,235,12,830,2.2857
2,2,30,30,30,2014,6.21467,5.68127,686,10,1904,1.7297
2,6,30,30,30,2015,7.095269999999999,5.6809199999999995,148,8,255,2.0
2,6,150,60,150,2015,6.79029,5.6805900000000005,175,12,475,3.1429
2,5,75,45,75,2017,6.88254,5.6805699999999995,181,8,544,3.0833
2,5,60,60,60,2016,6.9276800000000005,5.67965,164,12,216,2.8889
2,5,90,60,90,2014,6.848380000000001,5.6795800000000005,161,12,319,2.9231
2,4,30,30,30,2015,6.770739999999999,5.67946,176,8,257,1.0
2,4,90,45,90,2018,9.26384,5.67908,237,14,115,3.3333
2,4,30,30,30,2015,6.54767,5.67906,223,12,554,1.7143
2,2,40,20,40,2017,7.28096,5.678999999999999,125,12,324,2.6667
2,4,30,10,30,2015,6.88272,5.67894,173,0,411,1.5556
3,5,30,30,30,2014,6.71753,5.6788,190,14,286,1.9231
2,4,30,15,30,2017,7.08149,5.67857,141,6,437,1.5
2,4,25,25,25,2015,6.689839999999999,5.67848,183,10,357,1.5556
2,4,60,60,60,2015,6.89917,5.677969999999999,180,14,480,2.6522
2,3,20,20,20,2015,6.36989,5.67791,283,8,1216,1.4375
2,4,60,45,60,2016,7.67408,5.67736,117,8,444,3.0
2,2,10,10,10,2014,6.83592,5.67698,169,6,398,1.0
3,6,30,30,30,2014,7.34612,5.67689,116,8,355,1.5
2,5,20,20,20,2016,6.4146,5.67669,263,14,552,1.0
3,5,30,20,30,2015,6.55,5.67625,207,8,508,1.3636
2,5,60,30,60,2017,6.82453,5.67566,170,10,292,2.1667
2,6,45,45,45,2014,6.517530000000001,5.6756400000000005,235,10,570,2.6
3,5,40,20,40,2016,6.67785,5.67548,177,10,247,2.25
2,6,10,10,10,2016,7.25133,5.6752199999999995,120,14,502,1.0
2,4,60,15,60,2017,7.760389999999999,5.67504,153,12,413,2.0
2,5,30,10,30,2014,6.8532399999999996,5.6746099999999995,185,10,381,1.0
3,6,30,30,30,2016,6.50582,5.6740900000000005,268,10,293,1.5
3,5,20,20,20,2014,6.54785,5.673080000000001,205,8,332,1.25
2,4,45,20,45,2015,6.7176,5.67288,217,11,706,3.0
2,4,60,60,60,2015,7.01072,5.67274,138,10,206,2.4286
2,4,60,60,60,2014,6.99255,5.672680000000001,145,12,278,2.5833
2,4,120,90,120,2017,7.16442,5.67184,163,10,541,2.625
2,2,240,180,240,2014,7.34435,5.6718,115,0,501,2.5714
2,6,30,5,30,2015,6.47693,5.67176,323,8,880,1.375
2,5,30,30,30,2014,6.71667,5.6716,174,12,299,2.6429
3,8,25,25,25,2016,6.71552,5.67122,183,10,341,1.8
2,5,90,45,90,2014,6.8862,5.6711599999999995,163,15,315,2.2222
2,8,15,15,15,2016,6.796010000000001,5.671130000000001,163,8,247,1.3333
2,5,15,15,15,2015,6.48349,5.671069999999999,246,6,687,1.4167
2,4,20,20,20,2014,6.24947,5.67091,301,10,964,1.2381
2,6,30,30,30,2016,6.738410000000001,5.67057,164,8,169,2.0
2,4,90,60,90,2017,6.48187,5.67047,219,12,491,2.5
2,4,30,30,30,2015,6.55788,5.67047,198,8,318,2.25
2,6,20,20,20,2014,6.06505,5.67025,495,12,1462,1.5938
3,6,30,15,30,2016,6.19019,5.66999,365,8,1053,1.3077
2,5,60,60,60,2016,6.5332,5.66969,253,8,709,1.6667
2,4,60,60,0,2016,8.150689999999999,5.6696599999999995,73,12,141,4.0
3,4,25,25,25,2014,7.047739999999999,5.66964,124,10,168,1.7143
2,5,90,60,90,2015,7.228330000000001,5.66844,180,11,416,2.4737
2,4,30,30,30,2014,6.00594,5.66798,547,14,1161,2.0
2,4,45,45,45,2017,6.947439999999999,5.66677,133,10,222,2.2
2,8,240,60,240,2015,7.188460000000001,5.66666,117,10,167,2.7692
2,4,75,75,75,2015,7.18507,5.66616,153,10,527,2.25
2,4,45,45,45,2014,6.17784,5.6660900000000005,353,10,432,1.9062
3,6,0,0,0,2015,6.8411,5.66591,173,0,739,1.8889
2,5,60,60,60,2017,6.64457,5.6657,182,0,427,2.1667
2,5,30,20,30,2016,6.1367400000000005,5.66524,389,10,875,1.0
3,5,240,120,240,2014,7.04357,5.6648,129,14,456,3.3
2,6,45,15,45,2016,6.09359,5.66477,454,8,756,1.7273
2,6,30,30,30,2017,6.7811699999999995,5.66414,154,14,369,2.0
2,4,70,40,70,2016,7.293360000000001,5.6635599999999995,110,12,423,2.0
2,5,90,90,90,2014,7.431189999999999,5.66345,109,12,198,2.25
3,8,30,30,30,2015,6.33664,5.66282,262,13,649,1.85
2,4,30,0,30,2016,6.2369,5.66261,303,8,622,1.4
2,4,40,40,0,2016,6.56717,5.66257,191,10,220,1.2857
2,5,30,30,30,2014,6.728860000000001,5.66255,193,13,490,1.7895
2,6,60,60,60,2015,6.53912,5.66231,216,12,666,1.4286
2,6,15,15,15,2014,6.4017800000000005,5.66205,241,6,409,1.0
3,6,90,45,90,2017,7.07,5.662030000000001,133,10,348,2.0
2,2,30,15,30,2015,7.26412,5.66195,131,8,412,1.6667
2,4,45,30,45,2017,7.030939999999999,5.66145,138,12,514,2.0
2,4,10,10,10,2016,6.42085,5.66104,223,10,1076,1.0
2,2,480,120,480,2016,7.4848,5.66076,94,12,740,3.3077
2,4,60,30,60,2016,6.82465,5.66059,144,14,298,2.0
2,4,60,30,60,2017,7.223610000000001,5.66045,108,10,179,3.25
2,2,180,180,180,2015,8.20974,5.6599,77,12,299,3.4
2,5,45,45,45,2014,6.41228,5.6595699999999995,230,8,512,1.5385
3,6,30,30,30,2016,6.29092,5.6595699999999995,348,10,824,1.1818
2,4,80,40,80,2017,7.2796,5.65925,99,12,311,2.125
2,6,15,15,0,2017,6.3569,5.6592199999999995,239,8,421,1.0
2,4,60,60,60,2014,7.561210000000001,5.65899,116,14,191,2.0
2,5,30,10,30,2016,6.84553,5.6586099999999995,228,6,419,1.2667
3,5,30,20,30,2016,6.672000000000001,5.65838,207,10,296,1.4286
2,4,180,180,180,2015,7.838710000000001,5.65785,93,14,162,3.0
2,6,30,20,30,2017,6.58984,5.6574800000000005,187,8,354,1.6667
2,5,45,30,45,2015,6.80285,5.65742,158,14,440,1.75
2,4,30,30,30,2014,6.16043,5.656569999999999,357,8,617,1.4545
2,2,45,20,45,2017,7.35075,5.65637,107,10,495,2.75
2,2,60,45,60,2016,7.23107,5.65636,103,10,341,2.7778
2,4,20,20,20,2014,6.00685,5.65614,504,10,1415,1.6552
2,5,90,70,90,2017,7.06862,5.65571,134,14,254,3.125
2,2,30,5,30,2016,6.81058,5.65559,154,0,443,1.5
2,4,60,60,60,2014,6.769939999999999,5.65537,163,10,212,2.7857
2,4,30,30,30,2015,6.40526,5.65529,228,8,700,1.5
2,4,25,25,25,2014,6.764010000000001,5.65491,289,14,806,1.8947
2,4,30,30,0,2015,6.981489999999999,5.6547,122,10,295,2.0
2,4,20,10,20,2016,6.7874300000000005,5.65442,152,8,289,2.0
2,4,90,45,90,2018,7.799869999999999,5.65431,79,10,455,2.0
2,8,10,10,10,2014,7.32949,5.6540300000000006,98,10,304,1.375
2,2,90,60,90,2017,8.71775,5.65399,55,0,207,2.2857
3,4,30,30,30,2014,6.596660000000001,5.65396,167,10,308,2.1818
2,4,60,45,60,2017,7.417999999999999,5.65374,95,14,97,2.8333
2,2,30,15,30,2017,7.0772699999999995,5.65341,128,14,584,2.25
2,2,0,0,0,2014,8.06076,5.65335,79,0,200,2.4286
2,2,30,15,30,2017,7.1521300000000005,5.65327,122,10,390,2.0
2,2,5,5,5,2014,7.50075,5.652880000000001,201,10,419,1.0667
2,5,45,45,45,2016,6.79793,5.652769999999999,149,12,344,2.5
2,6,15,15,15,2014,6.23522,5.65238,314,8,533,1.0
2,2,15,15,15,2014,6.96565,5.65193,123,0,670,1.75
3,8,30,30,30,2015,6.84828,5.651730000000001,151,16,402,1.5
2,3,15,15,15,2014,6.25076,5.651680000000001,331,8,931,1.0
2,2,90,60,90,2017,8.87386,5.6516,88,14,180,2.4
2,5,90,90,90,2015,7.486439999999999,5.65123,118,14,138,2.5
2,5,180,90,180,2018,7.5727,5.65085,80,13,328,3.0
2,4,30,15,30,2016,6.4898,5.65083,196,8,815,1.0
2,4,40,20,40,2015,6.452030000000001,5.6508199999999995,217,14,312,1.7222
2,5,60,60,60,2016,6.65035,5.65078,156,21,500,2.625
2,4,120,120,120,2017,8.338,5.65046,100,0,173,3.75
2,5,30,15,30,2015,6.34884,5.65045,248,6,602,1.625
2,2,10,5,10,2016,6.65798,5.65,163,8,1067,2.2
2,5,120,60,120,2017,8.00947,5.64995,95,0,388,2.0
2,4,90,70,90,2016,6.60783,5.6496900000000005,184,10,295,2.8333
2,6,15,15,15,2014,6.58,5.64882,169,5,448,1.0833
2,4,20,20,20,2014,6.0557,5.6483,449,8,946,1.2647
2,2,240,240,240,2016,7.69221,5.64792,77,12,408,3.3333
2,5,90,30,90,2015,6.797389999999999,5.64789,134,10,196,2.125
2,2,60,60,60,2016,7.11194,5.64781,134,0,573,2.6
2,4,45,30,45,2015,6.44243,5.64746,189,0,612,2.2667
2,5,90,60,90,2016,6.3911,5.64733,219,10,361,2.6667
2,2,30,20,30,2014,6.41833,5.64726,202,15,425,1.4545
2,5,90,60,90,2015,6.66108,5.64696,176,14,317,3.0667
2,2,20,15,20,2014,5.9858199999999995,5.64696,561,9,1430,1.6
2,5,15,15,15,2014,6.25209,5.64657,287,8,556,1.45
2,4,180,80,180,2016,7.503260000000001,5.64624,92,16,149,3.8333
2,4,10,10,10,2015,7.003360000000001,5.645980000000001,119,7,173,1.0
2,4,45,15,45,2015,7.06465,5.64572,120,13,299,2.0
2,5,20,10,20,2016,6.97268,5.6452,127,8,361,1.6
2,4,40,40,40,2016,7.07575,5.644909999999999,107,12,262,2.3333
2,5,30,30,30,2014,6.4004900000000005,5.6449,203,8,262,1.4375
3,8,30,30,30,2017,7.11048,5.644769999999999,105,12,180,1.0
2,4,120,120,120,2015,6.86338,5.64422,142,12,436,2.8571
2,4,20,15,20,2016,7.0130300000000005,5.6439,132,10,233,1.5
2,4,60,45,60,2015,6.59525,5.6439,167,12,329,2.9375
2,5,20,20,20,2016,6.57482,5.64374,172,8,547,1.75
2,6,30,30,30,2014,6.39923,5.64356,239,13,536,1.9444
3,6,30,30,30,2016,6.5868,5.64344,178,8,263,1.2
2,4,75,75,75,2016,6.431369999999999,5.64313,183,10,327,2.25
2,4,90,90,90,2015,6.660089999999999,5.64307,212,13,765,2.625
2,2,20,10,20,2017,7.20838,5.64264,130,6,430,1.3333
2,2,30,30,30,2014,6.91535,5.64214,156,12,454,2.3
2,4,60,60,60,2014,6.41571,5.64199,217,13,504,2.5
4,8,30,1,30,2016,7.04626,5.6414800000000005,107,10,186,1.0
2,4,35,35,35,2014,6.53046,5.64139,197,13,223,2.6
2,2,120,90,120,2016,7.7918899999999995,5.64131,74,12,535,3.5
2,4,15,15,15,2016,6.870080000000001,5.64111,127,6,180,1.2857
2,3,180,180,180,2015,6.97001,5.64081,132,12,383,3.25
2,5,90,60,90,2015,6.368930000000001,5.6405199999999995,231,13,637,1.875
2,5,30,30,30,2015,6.19753,5.64014,267,8,479,1.2727
2,6,25,15,25,2015,6.55317,5.6397900000000005,202,8,329,1.25
2,5,10,10,10,2014,6.49101,5.639390000000001,170,14,304,1.0
2,8,30,30,0,2015,6.48574,5.63917,176,10,716,1.3333
2,6,30,30,30,2015,6.23527,5.63912,292,8,1018,1.6
2,7,40,20,40,2015,6.52805,5.63887,185,8,740,1.3333
2,4,15,15,15,2014,6.07227,5.63884,348,6,506,1.0
2,4,60,60,60,2016,8.08034,5.6386199999999995,89,14,184,2.5556
3,6,15,15,15,2015,7.11165,5.63842,103,8,205,1.3333
2,4,180,120,180,2016,7.5911100000000005,5.63831,90,14,214,2.8333
3,6,20,20,20,2014,5.95699,5.6382,557,10,1259,1.1944
2,4,20,10,20,2016,6.01432,5.637919999999999,451,8,1088,1.1667
2,6,30,25,30,2017,6.62788,5.63765,156,14,506,1.6667
2,4,15,15,15,2015,6.34933,5.6374699999999995,210,10,1163,2.1429
2,2,10,5,10,2015,7.185910000000001,5.63735,247,10,664,1.0625
2,4,60,60,60,2015,6.4482800000000005,5.63694,174,12,440,2.1818
2,4,75,75,75,2014,6.76053,5.6369,133,10,204,2.8182
2,2,20,15,20,2016,6.60963,5.63685,149,10,257,2.3333
3,4,75,60,75,2017,7.1119699999999995,5.6367,117,14,406,2.0
2,2,15,15,15,2016,6.843189999999999,5.6366,116,12,276,1.25
2,2,120,60,120,2016,8.18833,5.63656,60,14,202,2.5714
2,4,45,30,45,2014,6.61192,5.63635,151,13,257,2.6364
